{
  "roc_auc_oof": 0.6943456829634894,
  "accuracy_oof": 0.6632942857142857,
  "precision_oof": 0.6812742955971092,
  "recall_oof": 0.8640177673060483,
  "f1_oof": 0.7618405736180945,
  "confusion_matrix": [
    [
      87329,
      176364
    ],
    [
      59330,
      376977
    ]
  ],
  "classification_report": {
    "0": {
      "precision": 0.5954561261156833,
      "recall": 0.33117678512512655,
      "f1-score": 0.42562970327913596,
      "support": 263693.0
    },
    "1": {
      "precision": 0.6812742955971092,
      "recall": 0.8640177673060483,
      "f1-score": 0.7618405736180945,
      "support": 436307.0
    },
    "accuracy": 0.6632942857142857,
    "macro avg": {
      "precision": 0.6383652108563962,
      "recall": 0.5975972762155874,
      "f1-score": 0.5937351384486153,
      "support": 700000.0
    },
    "weighted avg": {
      "precision": 0.6489462233613011,
      "recall": 0.6632942857142857,
      "f1-score": 0.6351884978576788,
      "support": 700000.0
    }
  }
}